{
  "psnr_vs_payload": {
    "256x256": {
      "correlation": -0.6845281075031402,
      "avg_psnr": 46.43736836500367,
      "psnr_range": [
        39.816990366804625,
        52.297764243883414
      ],
      "samples": 39
    },
    "512x512": {
      "correlation": -0.6490866653957272,
      "avg_psnr": 50.07414947919196,
      "psnr_range": [
        39.485287467177685,
        59.19788221084642
      ],
      "samples": 71
    },
    "1024x1024": {
      "correlation": -0.6620334211970763,
      "avg_psnr": 53.82794244778413,
      "psnr_range": [
        38.622195118219885,
        61.61580739842508
      ],
      "samples": 82
    },
    "2048x2048": {
      "correlation": -0.5600506478158641,
      "avg_psnr": 58.42654017507965,
      "psnr_range": [
        39.567005810729746,
        68.28971480351272
      ],
      "samples": 92
    }
  },
  "psnr_vs_image_size": {},
  "quality_thresholds": {
    "psnr_above_40db": {
      "percentage": 97.88732394366197,
      "max_payload_for_high_quality": 500000
    }
  }
}